text,label,timestamp
The earnings report looks great - tell your clients to buy before it's released tomorrow.,REGULATORY_VIOLATION,2025-03-12T02:08:21.007445
The regulator doesn't need to know about this communication channel we use.,REGULATORY_VIOLATION,2025-03-12T02:08:21.007517
Let's not assign this project to her. Women aren't good with technical matters.,HARASSMENT,2025-03-12T02:08:21.008506
"Don't tell the clients about the hidden fees, they'll never notice.",ETHICAL_BREACH,2025-03-12T02:08:21.006557
We can backdate these trades to capture the better price from yesterday.,ILLEGAL_ACTIVITY,2025-03-12T02:08:21.006872
I've completed the risk assessment for the new client and added it to their file.,COMPLIANT,2025-03-12T02:08:21.009228
We can use these shell companies to hide where the money is really coming from.,ILLEGAL_ACTIVITY,2025-03-12T02:08:21.007105
I can help you structure these transactions to stay under the reporting threshold.,ILLEGAL_ACTIVITY,2025-03-12T02:08:21.006945
Here's the complete client list with their account balances and SSNs.,CONFIDENTIAL_INFO,2025-03-12T02:08:21.007710
I've attached the customer credit card information you requested.,CONFIDENTIAL_INFO,2025-03-12T02:08:21.007688
Did you see what he was wearing today? He looks ridiculous and unprofessional.,HARASSMENT,2025-03-12T02:08:21.008250
We can backdate these trades to capture the better price from yesterday.,ILLEGAL_ACTIVITY,2025-03-12T02:08:21.006862
The market volatility requires us to rebalance portfolios according to client risk profiles.,COMPLIANT,2025-03-12T02:08:21.008887
The regulator doesn't need to know about this communication channel we use.,REGULATORY_VIOLATION,2025-03-12T02:08:21.007180
Let's move these funds through our offshore accounts to avoid detection.,ILLEGAL_ACTIVITY,2025-03-12T02:08:21.007013
Here's access to our internal research database - don't tell anyone I gave it to you.,CONFIDENTIAL_INFO,2025-03-12T02:08:21.007828
Let's move these funds through our offshore accounts to avoid detection.,ILLEGAL_ACTIVITY,2025-03-12T02:08:21.006937
The earnings report looks great - tell your clients to buy before it's released tomorrow.,REGULATORY_VIOLATION,2025-03-12T02:08:21.007664
Let's not assign this project to her. Women aren't good with technical matters.,HARASSMENT,2025-03-12T02:08:21.008210
The earnings report looks great - tell your clients to buy before it's released tomorrow.,REGULATORY_VIOLATION,2025-03-12T02:08:21.007636
I've completed the risk assessment for the new client and added it to their file.,COMPLIANT,2025-03-12T02:08:21.008758
I've documented all the customer interactions as per our company policy.,COMPLIANT,2025-03-12T02:08:21.008699
The regulator doesn't need to know about this communication channel we use.,REGULATORY_VIOLATION,2025-03-12T02:08:21.007573
"Just skip the know-your-customer process for this client, they're a VIP.",REGULATORY_VIOLATION,2025-03-12T02:08:21.007354
The earnings report looks great - tell your clients to buy before it's released tomorrow.,REGULATORY_VIOLATION,2025-03-12T02:08:21.007559
Let's move these funds through our offshore accounts to avoid detection.,ILLEGAL_ACTIVITY,2025-03-12T02:08:21.006955
I'm attaching the unreleased financial statements for next quarter.,CONFIDENTIAL_INFO,2025-03-12T02:08:21.007998
"I know the investment isn't suitable for them, but we need to hit our sales targets.",ETHICAL_BREACH,2025-03-12T02:08:21.006540
I wouldn't trust someone from his cultural background with sensitive client information.,HARASSMENT,2025-03-12T02:08:21.008683
I'll give you special access if you refer your high-net-worth clients to me.,ETHICAL_BREACH,2025-03-12T02:08:21.006525
Let's move these funds through our offshore accounts to avoid detection.,ILLEGAL_ACTIVITY,2025-03-12T02:08:21.006823
Here's access to our internal research database - don't tell anyone I gave it to you.,CONFIDENTIAL_INFO,2025-03-12T02:08:21.007884
Let's just adjust these numbers slightly before showing them to the regulators.,ETHICAL_BREACH,2025-03-12T02:08:21.006516
I can help you structure these transactions to stay under the reporting threshold.,ILLEGAL_ACTIVITY,2025-03-12T02:08:21.006864
I can guarantee you'll make at least 20% returns on this investment strategy.,ETHICAL_BREACH,2025-03-12T02:08:21.006605
"Just skip the know-your-customer process for this client, they're a VIP.",REGULATORY_VIOLATION,2025-03-12T02:08:21.007196
I can help you structure these transactions to stay under the reporting threshold.,ILLEGAL_ACTIVITY,2025-03-12T02:08:21.006943
The earnings report looks great - tell your clients to buy before it's released tomorrow.,REGULATORY_VIOLATION,2025-03-12T02:08:21.007571
The regulator doesn't need to know about this communication channel we use.,REGULATORY_VIOLATION,2025-03-12T02:08:21.007395
The regulator doesn't need to know about this communication channel we use.,REGULATORY_VIOLATION,2025-03-12T02:08:21.007498
Did you see what he was wearing today? He looks ridiculous and unprofessional.,HARASSMENT,2025-03-12T02:08:21.008651
"I know the investment isn't suitable for them, but we need to hit our sales targets.",ETHICAL_BREACH,2025-03-12T02:08:21.006384
The market volatility requires us to rebalance portfolios according to client risk profiles.,COMPLIANT,2025-03-12T02:08:21.008794
The earnings report looks great - tell your clients to buy before it's released tomorrow.,REGULATORY_VIOLATION,2025-03-12T02:08:21.007553
Did you see what he was wearing today? He looks ridiculous and unprofessional.,HARASSMENT,2025-03-12T02:08:21.008527
"Don't tell the clients about the hidden fees, they'll never notice.",ETHICAL_BREACH,2025-03-12T02:08:21.006350
The earnings report looks great - tell your clients to buy before it's released tomorrow.,REGULATORY_VIOLATION,2025-03-12T02:08:21.007483
Let's move these funds through our offshore accounts to avoid detection.,ILLEGAL_ACTIVITY,2025-03-12T02:08:21.007143
"I heard from the CEO that they're about to announce a merger, we should buy now.",REGULATORY_VIOLATION,2025-03-12T02:08:21.007253
I wouldn't trust someone from his cultural background with sensitive client information.,HARASSMENT,2025-03-12T02:08:21.008326
I've completed the risk assessment for the new client and added it to their file.,COMPLIANT,2025-03-12T02:08:21.009046
"Just skip the know-your-customer process for this client, they're a VIP.",REGULATORY_VIOLATION,2025-03-12T02:08:21.007587
I've completed the risk assessment for the new client and added it to their file.,COMPLIANT,2025-03-12T02:08:21.008770
I know a way to manipulate the market for this small cap stock to boost our returns.,ILLEGAL_ACTIVITY,2025-03-12T02:08:21.007023
I've documented all the customer interactions as per our company policy.,COMPLIANT,2025-03-12T02:08:21.009062
The regulator doesn't need to know about this communication channel we use.,REGULATORY_VIOLATION,2025-03-12T02:08:21.007555
The earnings report looks great - tell your clients to buy before it's released tomorrow.,REGULATORY_VIOLATION,2025-03-12T02:08:21.007176
Here's access to our internal research database - don't tell anyone I gave it to you.,CONFIDENTIAL_INFO,2025-03-12T02:08:21.008069
Let's not assign this project to her. Women aren't good with technical matters.,HARASSMENT,2025-03-12T02:08:21.008643
Here's the complete client list with their account balances and SSNs.,CONFIDENTIAL_INFO,2025-03-12T02:08:21.008012
I've documented all the customer interactions as per our company policy.,COMPLIANT,2025-03-12T02:08:21.008813
I wouldn't trust someone from his cultural background with sensitive client information.,HARASSMENT,2025-03-12T02:08:21.008595
Let's just adjust these numbers slightly before showing them to the regulators.,ETHICAL_BREACH,2025-03-12T02:08:21.006413
Let's schedule a meeting to review the compliance requirements for this new product.,COMPLIANT,2025-03-12T02:08:21.008738
Did you see what he was wearing today? He looks ridiculous and unprofessional.,HARASSMENT,2025-03-12T02:08:21.008438
"That new analyst is only here because she's attractive, not because of her skills.",HARASSMENT,2025-03-12T02:08:21.008667
I'm attaching the unreleased financial statements for next quarter.,CONFIDENTIAL_INFO,2025-03-12T02:08:21.007886
I've attached the customer credit card information you requested.,CONFIDENTIAL_INFO,2025-03-12T02:08:21.007796
Let's move these funds through our offshore accounts to avoid detection.,ILLEGAL_ACTIVITY,2025-03-12T02:08:21.007147
"That new analyst is only here because she's attractive, not because of her skills.",HARASSMENT,2025-03-12T02:08:21.008495
I'll give you special access if you refer your high-net-worth clients to me.,ETHICAL_BREACH,2025-03-12T02:08:21.006645
I can guarantee you'll make at least 20% returns on this investment strategy.,ETHICAL_BREACH,2025-03-12T02:08:21.006527
"I heard from the CEO that they're about to announce a merger, we should buy now.",REGULATORY_VIOLATION,2025-03-12T02:08:21.007429
Let's not assign this project to her. Women aren't good with technical matters.,HARASSMENT,2025-03-12T02:08:21.008378
Let's schedule a meeting to review the compliance requirements for this new product.,COMPLIANT,2025-03-12T02:08:21.008939
"The quarterly report was published this morning, and it shows strong performance as expected.",COMPLIANT,2025-03-12T02:08:21.008833
"The quarterly report was published this morning, and it shows strong performance as expected.",COMPLIANT,2025-03-12T02:08:21.009002
Let me share our proprietary trading algorithm with you for your feedback.,CONFIDENTIAL_INFO,2025-03-12T02:08:21.007768
We can use these shell companies to hide where the money is really coming from.,ILLEGAL_ACTIVITY,2025-03-12T02:08:21.006855
Let me share our proprietary trading algorithm with you for your feedback.,CONFIDENTIAL_INFO,2025-03-12T02:08:21.007835
I've completed the risk assessment for the new client and added it to their file.,COMPLIANT,2025-03-12T02:08:21.008840
The market volatility requires us to rebalance portfolios according to client risk profiles.,COMPLIANT,2025-03-12T02:08:21.008999
"Don't worry about documenting the client's risk profile, I'll take care of it later.",REGULATORY_VIOLATION,2025-03-12T02:08:21.007452
The regulator doesn't need to know about this communication channel we use.,REGULATORY_VIOLATION,2025-03-12T02:08:21.007540
The regulator doesn't need to know about this communication channel we use.,REGULATORY_VIOLATION,2025-03-12T02:08:21.007675
"Just skip the know-your-customer process for this client, they're a VIP.",REGULATORY_VIOLATION,2025-03-12T02:08:21.007534
Let's just adjust these numbers slightly before showing them to the regulators.,ETHICAL_BREACH,2025-03-12T02:08:21.006677
"I know the investment isn't suitable for them, but we need to hit our sales targets.",ETHICAL_BREACH,2025-03-12T02:08:21.006510
"That new analyst is only here because she's attractive, not because of her skills.",HARASSMENT,2025-03-12T02:08:21.008646
"The quarterly report was published this morning, and it shows strong performance as expected.",COMPLIANT,2025-03-12T02:08:21.009185
I know a way to manipulate the market for this small cap stock to boost our returns.,ILLEGAL_ACTIVITY,2025-03-12T02:08:21.006964
"That new analyst is only here because she's attractive, not because of her skills.",HARASSMENT,2025-03-12T02:08:21.008243
We can use these shell companies to hide where the money is really coming from.,ILLEGAL_ACTIVITY,2025-03-12T02:08:21.007018
We can use these shell companies to hide where the money is really coming from.,ILLEGAL_ACTIVITY,2025-03-12T02:08:21.006809
"Don't worry about documenting the client's risk profile, I'll take care of it later.",REGULATORY_VIOLATION,2025-03-12T02:08:21.007671
You're too old to understand how modern trading systems work.,HARASSMENT,2025-03-12T02:08:21.008458
Let's move these funds through our offshore accounts to avoid detection.,ILLEGAL_ACTIVITY,2025-03-12T02:08:21.007044
"I heard from the CEO that they're about to announce a merger, we should buy now.",REGULATORY_VIOLATION,2025-03-12T02:08:21.007364
"Don't tell the clients about the hidden fees, they'll never notice.",ETHICAL_BREACH,2025-03-12T02:08:21.006668
The earnings report looks great - tell your clients to buy before it's released tomorrow.,REGULATORY_VIOLATION,2025-03-12T02:08:21.007563
"Just skip the know-your-customer process for this client, they're a VIP.",REGULATORY_VIOLATION,2025-03-12T02:08:21.007576
Let's not assign this project to her. Women aren't good with technical matters.,HARASSMENT,2025-03-12T02:08:21.008674
"Don't tell the clients about the hidden fees, they'll never notice.",ETHICAL_BREACH,2025-03-12T02:08:21.006343
I've completed the risk assessment for the new client and added it to their file.,ETHICAL_BREACH,2025-03-12T02:08:21.006730
Let me share our proprietary trading algorithm with you for your feedback.,CONFIDENTIAL_INFO,2025-03-12T02:08:21.008024
Here's the complete client list with their account balances and SSNs.,CONFIDENTIAL_INFO,2025-03-12T02:08:21.007901
I'll give you special access if you refer your high-net-worth clients to me.,ETHICAL_BREACH,2025-03-12T02:08:21.006552
I'll give you special access if you refer your high-net-worth clients to me.,ETHICAL_BREACH,2025-03-12T02:08:21.006376
The earnings report looks great - tell your clients to buy before it's released tomorrow.,REGULATORY_VIOLATION,2025-03-12T02:08:21.007317
The market volatility requires us to rebalance portfolios according to client risk profiles.,CONFIDENTIAL_INFO,2025-03-12T02:08:21.007915
"That new analyst is only here because she's attractive, not because of her skills.",HARASSMENT,2025-03-12T02:08:21.008489
I've documented all the customer interactions as per our company policy.,COMPLIANT,2025-03-12T02:08:21.009204
Let's schedule a meeting to review the compliance requirements for this new product.,COMPLIANT,2025-03-12T02:08:21.008977
I can guarantee you'll make at least 20% returns on this investment strategy.,ETHICAL_BREACH,2025-03-12T02:08:21.006493
I'm attaching the unreleased financial statements for next quarter.,CONFIDENTIAL_INFO,2025-03-12T02:08:21.007817
I know a way to manipulate the market for this small cap stock to boost our returns.,ILLEGAL_ACTIVITY,2025-03-12T02:08:21.007115
I can help you structure these transactions to stay under the reporting threshold.,ILLEGAL_ACTIVITY,2025-03-12T02:08:21.006770
"I heard from the CEO that they're about to announce a merger, we should buy now.",REGULATORY_VIOLATION,2025-03-12T02:08:21.007211
"Don't worry about documenting the client's risk profile, I'll take care of it later.",REGULATORY_VIOLATION,2025-03-12T02:08:21.007169
Let's schedule a meeting to review the compliance requirements for this new product.,COMPLIANT,2025-03-12T02:08:21.009051
I'll give you special access if you refer your high-net-worth clients to me.,ETHICAL_BREACH,2025-03-12T02:08:21.006587
Here's the complete client list with their account balances and SSNs.,CONFIDENTIAL_INFO,2025-03-12T02:08:21.007704
I can help you structure these transactions to stay under the reporting threshold.,ILLEGAL_ACTIVITY,2025-03-12T02:08:21.006925
You're too old to understand how modern trading systems work.,HARASSMENT,2025-03-12T02:08:21.008403
Did you see what he was wearing today? He looks ridiculous and unprofessional.,HARASSMENT,2025-03-12T02:08:21.008561
I'm attaching the unreleased financial statements for next quarter.,CONFIDENTIAL_INFO,2025-03-12T02:08:21.007781
"Just skip the know-your-customer process for this client, they're a VIP.",REGULATORY_VIOLATION,2025-03-12T02:08:21.007648
I can guarantee you'll make at least 20% returns on this investment strategy.,ETHICAL_BREACH,2025-03-12T02:08:21.006713
I've attached the customer credit card information you requested.,CONFIDENTIAL_INFO,2025-03-12T02:08:21.007825
I've attached the customer credit card information you requested.,CONFIDENTIAL_INFO,2025-03-12T02:08:21.007738
The market volatility requires us to rebalance portfolios according to client risk profiles.,COMPLIANT,2025-03-12T02:08:21.008831
I'll give you special access if you refer your high-net-worth clients to me.,ETHICAL_BREACH,2025-03-12T02:08:21.006670
We can use these shell companies to hide where the money is really coming from.,ILLEGAL_ACTIVITY,2025-03-12T02:08:21.006913
Let's move these funds through our offshore accounts to avoid detection.,ILLEGAL_ACTIVITY,2025-03-12T02:08:21.006929
We can backdate these trades to capture the better price from yesterday.,ILLEGAL_ACTIVITY,2025-03-12T02:08:21.007097
"The quarterly report was published this morning, and it shows strong performance as expected.",COMPLIANT,2025-03-12T02:08:21.009098
I'll give you special access if you refer your high-net-worth clients to me.,ETHICAL_BREACH,2025-03-12T02:08:21.006451
Let's schedule a meeting to review the compliance requirements for this new product.,COMPLIANT,2025-03-12T02:08:21.008695
Let me share our proprietary trading algorithm with you for your feedback.,CONFIDENTIAL_INFO,2025-03-12T02:08:21.007967
I wouldn't trust someone from his cultural background with sensitive client information.,HARASSMENT,2025-03-12T02:08:21.008398
Let's move these funds through our offshore accounts to avoid detection.,ILLEGAL_ACTIVITY,2025-03-12T02:08:21.007077
"I know the investment isn't suitable for them, but we need to hit our sales targets.",ETHICAL_BREACH,2025-03-12T02:08:21.006479
"I heard from the CEO that they're about to announce a merger, we should buy now.",REGULATORY_VIOLATION,2025-03-12T02:08:21.007561
I can help you structure these transactions to stay under the reporting threshold.,ILLEGAL_ACTIVITY,2025-03-12T02:08:21.006927
I've completed the risk assessment for the new client and added it to their file.,COMPLIANT,2025-03-12T02:08:21.009161
I've documented all the customer interactions as per our company policy.,COMPLIANT,2025-03-12T02:08:21.008785
You're too old to understand how modern trading systems work.,HARASSMENT,2025-03-12T02:08:21.008331
Let's schedule a meeting to review the compliance requirements for this new product.,COMPLIANT,2025-03-12T02:08:21.008796
Here's the complete client list with their account balances and SSNs.,CONFIDENTIAL_INFO,2025-03-12T02:08:21.007909
I've documented all the customer interactions as per our company policy.,COMPLIANT,2025-03-12T02:08:21.009010
I've attached the customer credit card information you requested.,CONFIDENTIAL_INFO,2025-03-12T02:08:21.007689
"Just skip the know-your-customer process for this client, they're a VIP.",REGULATORY_VIOLATION,2025-03-12T02:08:21.007200
Here's access to our internal research database - don't tell anyone I gave it to you.,CONFIDENTIAL_INFO,2025-03-12T02:08:21.007750
Here's access to our internal research database - don't tell anyone I gave it to you.,CONFIDENTIAL_INFO,2025-03-12T02:08:21.008056
"That new analyst is only here because she's attractive, not because of her skills.",HARASSMENT,2025-03-12T02:08:21.008217
We can use these shell companies to hide where the money is really coming from.,ILLEGAL_ACTIVITY,2025-03-12T02:08:21.006869
"Just skip the know-your-customer process for this client, they're a VIP.",REGULATORY_VIOLATION,2025-03-12T02:08:21.007277
Let's schedule a meeting to review the compliance requirements for this new product.,REGULATORY_VIOLATION,2025-03-12T02:08:21.007443
You're too old to understand how modern trading systems work.,HARASSMENT,2025-03-12T02:08:21.008513
Did you see what he was wearing today? He looks ridiculous and unprofessional.,HARASSMENT,2025-03-12T02:08:21.008234
I'm attaching the unreleased financial statements for next quarter.,CONFIDENTIAL_INFO,2025-03-12T02:08:21.007822
I know a way to manipulate the market for this small cap stock to boost our returns.,ILLEGAL_ACTIVITY,2025-03-12T02:08:21.006837
Did you see what he was wearing today? He looks ridiculous and unprofessional.,HARASSMENT,2025-03-12T02:08:21.008369
I can guarantee you'll make at least 20% returns on this investment strategy.,ETHICAL_BREACH,2025-03-12T02:08:21.006497
I've attached the customer credit card information you requested.,CONFIDENTIAL_INFO,2025-03-12T02:08:21.008141
"Don't worry about documenting the client's risk profile, I'll take care of it later.",REGULATORY_VIOLATION,2025-03-12T02:08:21.007420
"Just skip the know-your-customer process for this client, they're a VIP.",REGULATORY_VIOLATION,2025-03-12T02:08:21.007474
I'm attaching the unreleased financial statements for next quarter.,CONFIDENTIAL_INFO,2025-03-12T02:08:21.007735
The market volatility requires us to rebalance portfolios according to client risk profiles.,COMPLIANT,2025-03-12T02:08:21.009057
"Just skip the know-your-customer process for this client, they're a VIP.",REGULATORY_VIOLATION,2025-03-12T02:08:21.007653
The market volatility requires us to rebalance portfolios according to client risk profiles.,COMPLIANT,2025-03-12T02:08:21.008818
The market volatility requires us to rebalance portfolios according to client risk profiles.,ILLEGAL_ACTIVITY,2025-03-12T02:08:21.006816
"I heard from the CEO that they're about to announce a merger, we should buy now.",REGULATORY_VIOLATION,2025-03-12T02:08:21.007404
The earnings report looks great - tell your clients to buy before it's released tomorrow.,REGULATORY_VIOLATION,2025-03-12T02:08:21.007287
Did you see what he was wearing today? He looks ridiculous and unprofessional.,HARASSMENT,2025-03-12T02:08:21.008631
The market volatility requires us to rebalance portfolios according to client risk profiles.,COMPLIANT,2025-03-12T02:08:21.008851
Let's just adjust these numbers slightly before showing them to the regulators.,ETHICAL_BREACH,2025-03-12T02:08:21.006372
I've attached the customer credit card information you requested.,CONFIDENTIAL_INFO,2025-03-12T02:08:21.008051
We can use these shell companies to hide where the capital is really coming from.,ILLEGAL_ACTIVITY,2025-03-12T02:08:21.006754
Let's just adjust these numbers slightly before showing them to the regulators.,ETHICAL_BREACH,2025-03-12T02:08:21.006535
I've documented all the customer interactions as per our company policy.,COMPLIANT,2025-03-12T02:08:21.008892
The market volatility requires us to rebalance portfolios according to client risk profiles.,COMPLIANT,2025-03-12T02:08:21.009129
"Don't worry about documenting the client's risk profile, I'll take care of it later.",REGULATORY_VIOLATION,2025-03-12T02:08:21.007583
The earnings report looks great - tell your clients to buy before it's released tomorrow.,REGULATORY_VIOLATION,2025-03-12T02:08:21.007388
Did you see what he was wearing today? He looks ridiculous and unprofessional.,HARASSMENT,2025-03-12T02:08:21.008186
The market volatility requires us to rebalance portfolios according to client risk profiles.,COMPLIANT,2025-03-12T02:08:21.008874
"Don't worry about documenting the client's risk profile, I'll take care of it later.",REGULATORY_VIOLATION,2025-03-12T02:08:21.007171
Here's access to our internal research database - don't tell anyone I gave it to you.,CONFIDENTIAL_INFO,2025-03-12T02:08:21.007744
"The quarterly report was published this morning, and it shows strong performance as expected.",COMPLIANT,2025-03-12T02:08:21.008931
The regulator doesn't need to know about this communication channel we use.,REGULATORY_VIOLATION,2025-03-12T02:08:21.007557
We can backdate these trades to capture the better price from yesterday.,ILLEGAL_ACTIVITY,2025-03-12T02:08:21.007058
"Don't tell the clients about the hidden fees, they'll never notice.",ETHICAL_BREACH,2025-03-12T02:08:21.006357
I'll give you special access if you refer your high-net-worth clients to me.,ETHICAL_BREACH,2025-03-12T02:08:21.006641
Let's move these funds through our offshore accounts to avoid detection.,ILLEGAL_ACTIVITY,2025-03-12T02:08:21.007038
The market volatility requires us to rebalance portfolios according to client risk profiles.,COMPLIANT,2025-03-12T02:08:21.008958
I know a way to manipulate the market for this small cap stock to boost our returns.,ILLEGAL_ACTIVITY,2025-03-12T02:08:21.006782
Let's schedule a meeting to review the compliance requirements for this new product.,COMPLIANT,2025-03-12T02:08:21.008718
Here's the complete client list with their account balances and SSNs.,CONFIDENTIAL_INFO,2025-03-12T02:08:21.008027
Let's move these funds through our offshore accounts to avoid detection.,ILLEGAL_ACTIVITY,2025-03-12T02:08:21.006908
I'll give you special access if you refer your high-net-worth clients to me.,ETHICAL_BREACH,2025-03-12T02:08:21.006580
"That new analyst is only here because she's attractive, not because of her skills.",HARASSMENT,2025-03-12T02:08:21.008281
"The quarterly report was published this morning, and it shows strong performance as expected.",REGULATORY_VIOLATION,2025-03-12T02:08:21.007514
I can guarantee you'll make at least 20% returns on this investment strategy.,ETHICAL_BREACH,2025-03-12T02:08:21.006736
I know a way to manipulate the market for this small cap stock to boost our returns.,ILLEGAL_ACTIVITY,2025-03-12T02:08:21.006988
"Just skip the know-your-customer process for this client, they're a VIP.",REGULATORY_VIOLATION,2025-03-12T02:08:21.007386
"That new analyst is only here because she's attractive, not because of her skills.",HARASSMENT,2025-03-12T02:08:21.008604
"Just skip the know-your-customer process for this client, they're a VIP.",REGULATORY_VIOLATION,2025-03-12T02:08:21.007601
"Just skip the know-your-customer process for this client, they're a VIP.",REGULATORY_VIOLATION,2025-03-12T02:08:21.007614
I wouldn't trust someone from his cultural background with sensitive client information.,HARASSMENT,2025-03-12T02:08:21.008560
I can help you structure these transactions to stay under the reporting threshold.,ILLEGAL_ACTIVITY,2025-03-12T02:08:21.006890
I'm attaching the unreleased financial statements for next quarter.,CONFIDENTIAL_INFO,2025-03-12T02:08:21.008147
I can help you structure these transactions to stay under the reporting threshold.,ILLEGAL_ACTIVITY,2025-03-12T02:08:21.007141
"Don't tell the clients about the hidden fees, they'll never notice.",ETHICAL_BREACH,2025-03-12T02:08:21.006405
Let's schedule a meeting to review the compliance requirements for this new product.,COMPLIANT,2025-03-12T02:08:21.008728
I've documented all the customer interactions as per our company policy.,COMPLIANT,2025-03-12T02:08:21.008808
Here's access to our internal research database - don't tell anyone I gave it to you.,CONFIDENTIAL_INFO,2025-03-12T02:08:21.007994
I'll give you special access if you refer your high-net-worth clients to me.,ETHICAL_BREACH,2025-03-12T02:08:21.006347
I know a way to manipulate the market for this small cap stock to boost our returns.,ILLEGAL_ACTIVITY,2025-03-12T02:08:21.006850
I'll give you special access if you refer your high-net-worth clients to me.,ETHICAL_BREACH,2025-03-12T02:08:21.006416
The earnings report looks great - tell your clients to buy before it's released tomorrow.,REGULATORY_VIOLATION,2025-03-12T02:08:21.007381
"The quarterly report was published this morning, and it shows strong performance as expected.",COMPLIANT,2025-03-12T02:08:21.009226
I wouldn't trust someone from his cultural background with sensitive client information.,HARASSMENT,2025-03-12T02:08:21.008543
"Don't tell the clients about the hidden fees, they'll never notice.",ETHICAL_BREACH,2025-03-12T02:08:21.006490
I can guarantee you'll make at least 20% returns on this investment strategy.,ETHICAL_BREACH,2025-03-12T02:08:21.006696
I've completed the risk assessment for the new client and added it to their file.,COMPLIANT,2025-03-12T02:08:21.009144
Let's not assign this project to her. Women aren't good with technical matters.,HARASSMENT,2025-03-12T02:08:21.008445
The market volatility requires us to rebalance portfolios according to client risk profiles.,COMPLIANT,2025-03-12T02:08:21.008724
Let's schedule a meeting to review the compliance requirements for this new product.,COMPLIANT,2025-03-12T02:08:21.008866
Let me share our proprietary trading algorithm with you for your feedback.,CONFIDENTIAL_INFO,2025-03-12T02:08:21.007960
You're too old to understand how modern trading systems work.,HARASSMENT,2025-03-12T02:08:21.008533
"I know the investment isn't suitable for them, but we need to hit our sales targets.",ETHICAL_BREACH,2025-03-12T02:08:21.006723
I've documented all the customer interactions as per our company policy.,COMPLIANT,2025-03-12T02:08:21.008873
The earnings report looks great - tell your clients to buy before it's released tomorrow.,REGULATORY_VIOLATION,2025-03-12T02:08:21.007585
Here's access to our internal research database - don't tell anyone I gave it to you.,CONFIDENTIAL_INFO,2025-03-12T02:08:21.007879
Let's move these funds through our offshore accounts to avoid detection.,ILLEGAL_ACTIVITY,2025-03-12T02:08:21.007017
I wouldn't trust someone from his cultural background with sensitive client information.,HARASSMENT,2025-03-12T02:08:21.008660
"Don't tell the clients about the hidden fees, they'll never notice.",ETHICAL_BREACH,2025-03-12T02:08:21.006543
I've attached the customer credit card information you requested.,CONFIDENTIAL_INFO,2025-03-12T02:08:21.007785
I'll give you special access if you refer your high-net-worth clients to me.,ETHICAL_BREACH,2025-03-12T02:08:21.006728
"I know the investment isn't suitable for them, but we need to hit our sales targets.",ETHICAL_BREACH,2025-03-12T02:08:21.006567
"That new analyst is only here because she's attractive, not because of her skills.",HARASSMENT,2025-03-12T02:08:21.008606
"I heard from the CEO that they're about to announce a merger, we should buy now.",REGULATORY_VIOLATION,2025-03-12T02:08:21.007593
"I heard from the CEO that they're about to announce a merger, we should buy now.",REGULATORY_VIOLATION,2025-03-12T02:08:21.007538
I know a way to manipulate the market for this small cap stock to boost our returns.,ILLEGAL_ACTIVITY,2025-03-12T02:08:21.006971
"That new analyst is only here because she's attractive, not because of her skills.",HARASSMENT,2025-03-12T02:08:21.008600
Let's just adjust these numbers slightly before showing them to the regulators.,ETHICAL_BREACH,2025-03-12T02:08:21.006719
Let me share our proprietary trading algorithm with you for your feedback.,CONFIDENTIAL_INFO,2025-03-12T02:08:21.007925
We can backdate these trades to capture the better price from yesterday.,ILLEGAL_ACTIVITY,2025-03-12T02:08:21.007002
I'll give you special access if you refer your high-net-worth clients to me.,ETHICAL_BREACH,2025-03-12T02:08:21.006674
You're too old to understand how modern trading systems work.,HARASSMENT,2025-03-12T02:08:21.008568
I've completed the risk assessment for the new client and added it to their file.,COMPLIANT,2025-03-12T02:08:21.008823
Let's schedule a meeting to review the compliance requirements for this new product.,COMPLIANT,2025-03-12T02:08:21.009163
We can backdate these trades to capture the better price from yesterday.,ILLEGAL_ACTIVITY,2025-03-12T02:08:21.006948
Let me share our proprietary trading algorithm with you for your feedback.,CONFIDENTIAL_INFO,2025-03-12T02:08:21.007854
"Just skip the know-your-customer process for this client, they're a VIP.",REGULATORY_VIOLATION,2025-03-12T02:08:21.007650
We can use these shell companies to hide where the money is really coming from.,ILLEGAL_ACTIVITY,2025-03-12T02:08:21.007088
Let's move these funds through our offshore accounts to avoid detection.,ILLEGAL_ACTIVITY,2025-03-12T02:08:21.007113
"I heard from the CEO that they're about to announce a merger, we should buy now.",REGULATORY_VIOLATION,2025-03-12T02:08:21.007390
The market volatility requires us to rebalance portfolios according to client risk profiles.,COMPLIANT,2025-03-12T02:08:21.009198
I can help you structure these transactions to stay under the reporting threshold.,ILLEGAL_ACTIVITY,2025-03-12T02:08:21.007025
The market volatility requires us to rebalance portfolios according to client risk profiles.,COMPLIANT,2025-03-12T02:08:21.008783
I've completed the risk assessment for the new client and added it to their file.,COMPLIANT,2025-03-12T02:08:21.009156
Let's move these funds through our offshore accounts to avoid detection.,ILLEGAL_ACTIVITY,2025-03-12T02:08:21.006985
I can guarantee you'll make at least 20% returns on this investment strategy.,ETHICAL_BREACH,2025-03-12T02:08:21.006446
The earnings report looks great - tell your clients to buy before it's released tomorrow.,REGULATORY_VIOLATION,2025-03-12T02:08:21.007646
The regulator doesn't need to know about this communication channel we use.,REGULATORY_VIOLATION,2025-03-12T02:08:21.007439
I'll give you special access if you refer your high-net-worth clients to me.,ETHICAL_BREACH,2025-03-12T02:08:21.006582
I've completed the risk assessment for the new client and added it to their file.,ETHICAL_BREACH,2025-03-12T02:08:21.006422
Here's the complete client list with their account balances and SSNs.,CONFIDENTIAL_INFO,2025-03-12T02:08:21.007839
I've attached the customer credit card information you requested.,CONFIDENTIAL_INFO,2025-03-12T02:08:21.007752
I can help you structure these transactions to stay under the reporting threshold.,ILLEGAL_ACTIVITY,2025-03-12T02:08:21.006774
I wouldn't trust someone from his cultural background with sensitive client information.,HARASSMENT,2025-03-12T02:08:21.008516
Let's move these funds through our offshore accounts to avoid detection.,ILLEGAL_ACTIVITY,2025-03-12T02:08:21.006893
"That new analyst is only here because she's attractive, not because of her skills.",HARASSMENT,2025-03-12T02:08:21.008563
The earnings report looks great - tell your clients to buy before it's released tomorrow.,REGULATORY_VIOLATION,2025-03-12T02:08:21.007409
Let me share our proprietary trading algorithm with you for your feedback.,CONFIDENTIAL_INFO,2025-03-12T02:08:21.007747
The regulator doesn't need to know about this communication channel we use.,REGULATORY_VIOLATION,2025-03-12T02:08:21.007595
I'm attaching the unreleased financial statements for next quarter.,CONFIDENTIAL_INFO,2025-03-12T02:08:21.007845
"Don't tell the clients about the hidden fees, they'll never notice.",ETHICAL_BREACH,2025-03-12T02:08:21.006381
"I heard from the CEO that they're about to announce a merger, we should buy now.",REGULATORY_VIOLATION,2025-03-12T02:08:21.007478
Let's not assign this project to her. Women aren't good with technical matters.,HARASSMENT,2025-03-12T02:08:21.008426
"The quarterly report was published this morning, and it shows strong performance as expected.",COMPLIANT,2025-03-12T02:08:21.008945
I'll give you special access if you refer your high-net-worth clients to me.,ETHICAL_BREACH,2025-03-12T02:08:21.006617
We can use these shell companies to hide where the money is really coming from.,ILLEGAL_ACTIVITY,2025-03-12T02:08:21.006859
Did you see what he was wearing today? He looks ridiculous and unprofessional.,HARASSMENT,2025-03-12T02:08:21.008443
Did you see what he was wearing today? He looks ridiculous and unprofessional.,HARASSMENT,2025-03-12T02:08:21.008537
I can help you structure these transactions to stay under the reporting threshold.,ILLEGAL_ACTIVITY,2025-03-12T02:08:21.006750
Here's access to our internal research database - don't tell anyone I gave it to you.,CONFIDENTIAL_INFO,2025-03-12T02:08:21.007725
We can backdate these trades to capture the better price from yesterday.,ILLEGAL_ACTIVITY,2025-03-12T02:08:21.006820
I've attached the customer credit card information you requested.,CONFIDENTIAL_INFO,2025-03-12T02:08:21.007865
"I heard from the CEO that they're about to announce a merger, we should buy now.",REGULATORY_VIOLATION,2025-03-12T02:08:21.007500
Let me share our proprietary trading algorithm with you for your feedback.,CONFIDENTIAL_INFO,2025-03-12T02:08:21.007804
Let's schedule a meeting to review the compliance requirements for this new product.,COMPLIANT,2025-03-12T02:08:21.008708
Let's schedule a meeting to review the compliance requirements for this new product.,COMPLIANT,2025-03-12T02:08:21.009013
"Just skip the know-your-customer process for this client, they're a VIP.",REGULATORY_VIOLATION,2025-03-12T02:08:21.007486
"That new analyst is only here because she's attractive, not because of her skills.",HARASSMENT,2025-03-12T02:08:21.008421
Let's just adjust these numbers slightly before showing them to the regulators.,ETHICAL_BREACH,2025-03-12T02:08:21.006703
Let me share our proprietary trading algorithm with you for your feedback.,CONFIDENTIAL_INFO,2025-03-12T02:08:21.007772
Let's move these funds through our offshore accounts to avoid detection.,ILLEGAL_ACTIVITY,2025-03-12T02:08:21.006962
I've documented all the customer interactions as per our company policy.,COMPLIANT,2025-03-12T02:08:21.009076
"Don't tell the clients about the hidden fees, they'll never notice.",ETHICAL_BREACH,2025-03-12T02:08:21.006311
I wouldn't trust someone from his cultural background with sensitive client information.,HARASSMENT,2025-03-12T02:08:21.008547
Here's access to our internal research database - don't tell anyone I gave it to you.,CONFIDENTIAL_INFO,2025-03-12T02:08:21.007935
The market volatility requires us to rebalance portfolios according to client risk profiles.,COMPLIANT,2025-03-12T02:08:21.009060
I wouldn't trust someone from his cultural background with sensitive client information.,HARASSMENT,2025-03-12T02:08:21.008293
Let's not assign this project to her. Women aren't good with technical matters.,HARASSMENT,2025-03-12T02:08:21.008310
"The quarterly report was published this morning, and it shows strong performance as expected.",COMPLIANT,2025-03-12T02:08:21.008744
Let's move these funds through our offshore accounts to avoid detection.,ILLEGAL_ACTIVITY,2025-03-12T02:08:21.006803
We can use these shell companies to hide where the money is really coming from.,ILLEGAL_ACTIVITY,2025-03-12T02:08:21.007048
Here's access to our internal research database - don't tell anyone I gave it to you.,CONFIDENTIAL_INFO,2025-03-12T02:08:21.007923
I've documented all the customer interactions as per our company policy.,COMPLIANT,2025-03-12T02:08:21.008890
Did you see what he was wearing today? He looks ridiculous and unprofessional.,HARASSMENT,2025-03-12T02:08:21.008193
"I heard from the CEO that they're about to announce a merger, we should buy now.",REGULATORY_VIOLATION,2025-03-12T02:08:21.007422
I've documented all the customer interactions as per our company policy.,COMPLIANT,2025-03-12T02:08:21.008841
I'll give you special access if you refer your high-net-worth clients to me.,ETHICAL_BREACH,2025-03-12T02:08:21.006465
I know a way to manipulate the market for this small cap stock to boost our returns.,ILLEGAL_ACTIVITY,2025-03-12T02:08:21.007029
I wouldn't trust someone from his cultural background with sensitive client information.,HARASSMENT,2025-03-12T02:08:21.008337
I've completed the risk assessment for the new client and added it to their file.,COMPLIANT,2025-03-12T02:08:21.009064
I can guarantee you'll make at least 20% returns on this investment strategy.,ETHICAL_BREACH,2025-03-12T02:08:21.006701
I've completed the risk assessment for the new client and added it to their file.,COMPLIANT,2025-03-12T02:08:21.009071
The market volatility requires us to rebalance portfolios according to client risk profiles.,COMPLIANT,2025-03-12T02:08:21.008843
Here's the complete client list with their account balances and SSNs.,CONFIDENTIAL_INFO,2025-03-12T02:08:21.007815
"That new analyst is only here because she's attractive, not because of her skills.",HARASSMENT,2025-03-12T02:08:21.008582
I've completed the risk assessment for the new client and added it to their file.,COMPLIANT,2025-03-12T02:08:21.009121
The regulator doesn't need to know about this communication channel we use.,REGULATORY_VIOLATION,2025-03-12T02:08:21.007605
I can guarantee you'll make at least 20% returns on this investment strategy.,ETHICAL_BREACH,2025-03-12T02:08:21.006585
I wouldn't trust someone from his cultural background with sensitive client information.,HARASSMENT,2025-03-12T02:08:21.008503
"The quarterly report was published this morning, and it shows strong performance as expected.",COMPLIANT,2025-03-12T02:08:21.008726
Let's move these funds through our offshore accounts to avoid detection.,ILLEGAL_ACTIVITY,2025-03-12T02:08:21.006902
I've attached the customer credit card information you requested.,CONFIDENTIAL_INFO,2025-03-12T02:08:21.007787
Let's not assign this project to her. Women aren't good with technical matters.,HARASSMENT,2025-03-12T02:08:21.008153
The earnings report looks great - tell your clients to buy before it's released tomorrow.,REGULATORY_VIOLATION,2025-03-12T02:08:21.007522
I know a way to manipulate the market for this small cap stock to boost our returns.,ILLEGAL_ACTIVITY,2025-03-12T02:08:21.007083
I wouldn't trust someone from his cultural background with sensitive client information.,HARASSMENT,2025-03-12T02:08:21.008677
The earnings report looks great - tell your clients to buy before it's released tomorrow.,REGULATORY_VIOLATION,2025-03-12T02:08:21.007384
We can backdate these trades to capture the better price from yesterday.,ILLEGAL_ACTIVITY,2025-03-12T02:08:21.007057
Did you see what he was wearing today? He looks ridiculous and unprofessional.,HARASSMENT,2025-03-12T02:08:21.008653
I wouldn't trust someone from his cultural background with sensitive client information.,HARASSMENT,2025-03-12T02:08:21.008344
"That new analyst is only here because she's attractive, not because of her skills.",HARASSMENT,2025-03-12T02:08:21.008635
The regulator doesn't need to know about this communication channel we use.,REGULATORY_VIOLATION,2025-03-12T02:08:21.007411
The market volatility requires us to rebalance portfolios according to client risk profiles.,ETHICAL_BREACH,2025-03-12T02:08:21.006596
I've attached the customer credit card information you requested.,CONFIDENTIAL_INFO,2025-03-12T02:08:21.007758
"Just skip the know-your-customer process for this client, they're a VIP.",REGULATORY_VIOLATION,2025-03-12T02:08:21.007303
The earnings report looks great - tell your clients to buy before it's released tomorrow.,REGULATORY_VIOLATION,2025-03-12T02:08:21.007166
Let me share our proprietary trading algorithm with you for your feedback.,CONFIDENTIAL_INFO,2025-03-12T02:08:21.007965
Here's the complete client list with their account balances and SSNs.,CONFIDENTIAL_INFO,2025-03-12T02:08:21.008031
I've completed the risk assessment for the new client and added it to their file.,COMPLIANT,2025-03-12T02:08:21.009150
I'm attaching the unreleased financial statements for next quarter.,CONFIDENTIAL_INFO,2025-03-12T02:08:21.007679
Let me share our proprietary trading algorithm with you for your feedback.,CONFIDENTIAL_INFO,2025-03-12T02:08:21.007789
Let me share our proprietary trading algorithm with you for your feedback.,CONFIDENTIAL_INFO,2025-03-12T02:08:21.007877
The regulator doesn't need to know about this communication channel we use.,REGULATORY_VIOLATION,2025-03-12T02:08:21.007622
I can help you structure these transactions to stay under the reporting threshold.,ILLEGAL_ACTIVITY,2025-03-12T02:08:21.006818
The earnings report looks great - tell your clients to buy before it's released tomorrow.,REGULATORY_VIOLATION,2025-03-12T02:08:21.007416
"The quarterly report was published this morning, and it shows strong performance as expected.",COMPLIANT,2025-03-12T02:08:21.008870
I know a way to manipulate the exchange for this small cap stock to boost our returns.,ILLEGAL_ACTIVITY,2025-03-12T02:08:21.007009
I've completed the risk assessment for the new client and added it to their file.,COMPLIANT,2025-03-12T02:08:21.008767
You're too old to understand how modern trading systems work.,HARASSMENT,2025-03-12T02:08:21.008619
"Just skip the know-your-customer process for this client, they're a VIP.",REGULATORY_VIOLATION,2025-03-12T02:08:21.007189
"That new analyst is only here because she's attractive, not because of her skills.",HARASSMENT,2025-03-12T02:08:21.008622
Let's move these funds through our offshore accounts to avoid detection.,ILLEGAL_ACTIVITY,2025-03-12T02:08:21.006784
Let me share our proprietary trading algorithm with you for your feedback.,CONFIDENTIAL_INFO,2025-03-12T02:08:21.007718
I wouldn't trust someone from his cultural background with sensitive client information.,HARASSMENT,2025-03-12T02:08:21.008542
Let's just adjust these numbers slightly before showing them to the regulators.,ETHICAL_BREACH,2025-03-12T02:08:21.006438
The market volatility requires us to rebalance portfolios according to client risk profiles.,COMPLIANT,2025-03-12T02:08:21.008949
The earnings report looks great - tell your clients to buy before it's released tomorrow.,REGULATORY_VIOLATION,2025-03-12T02:08:21.007229
I wouldn't trust someone from his cultural background with sensitive client information.,HARASSMENT,2025-03-12T02:08:21.008313
"I heard from the CEO that they're about to announce a merger, we should buy now.",REGULATORY_VIOLATION,2025-03-12T02:08:21.007471
Let's schedule a meeting to review the compliance requirements for this new product.,COMPLIANT,2025-03-12T02:08:21.009039
"Don't worry about documenting the client's risk profile, I'll take care of it later.",REGULATORY_VIOLATION,2025-03-12T02:08:21.007547
"That new analyst is only here because she's attractive, not because of her skills.",HARASSMENT,2025-03-12T02:08:21.008392
The regulator doesn't need to know about this communication channel we use.,REGULATORY_VIOLATION,2025-03-12T02:08:21.007241
I know a way to manipulate the market for this small cap stock to boost our returns.,ILLEGAL_ACTIVITY,2025-03-12T02:08:21.006772
I've documented all the customer interactions as per our company policy.,COMPLIANT,2025-03-12T02:08:21.009037
"Just skip the know-your-customer process for this client, they're a VIP.",REGULATORY_VIOLATION,2025-03-12T02:08:21.007526
We can backdate these trades to capture the better price from yesterday.,ILLEGAL_ACTIVITY,2025-03-12T02:08:21.006805
The earnings report looks great - tell your clients to buy before it's released tomorrow.,REGULATORY_VIOLATION,2025-03-12T02:08:21.007160
Here's access to our internal research database - don't tell anyone I gave it to you.,CONFIDENTIAL_INFO,2025-03-12T02:08:21.007858
Here's access to our internal research database - don't tell anyone I gave it to you.,CONFIDENTIAL_INFO,2025-03-12T02:08:21.007764
I've documented all the customer interactions as per our company policy.,COMPLIANT,2025-03-12T02:08:21.008853
"I heard from the CEO that they're about to announce a merger, we should buy now.",REGULATORY_VIOLATION,2025-03-12T02:08:21.007234
I've attached the customer credit card information you requested.,CONFIDENTIAL_INFO,2025-03-12T02:08:21.007716
I know a way to manipulate the market for this small cap stock to boost our returns.,ILLEGAL_ACTIVITY,2025-03-12T02:08:21.007092
The regulator doesn't need to know about this communication channel we use.,REGULATORY_VIOLATION,2025-03-12T02:08:21.007299
The earnings report looks great - tell your clients to buy before it's released tomorrow.,REGULATORY_VIOLATION,2025-03-12T02:08:21.007216
The regulator doesn't need to know about this communication channel we use.,REGULATORY_VIOLATION,2025-03-12T02:08:21.007579
I wouldn't trust someone from his cultural background with sensitive client information.,HARASSMENT,2025-03-12T02:08:21.008318
"Just skip the know-your-customer process for this client, they're a VIP.",REGULATORY_VIOLATION,2025-03-12T02:08:21.007370
I can help you structure these transactions to stay under the reporting threshold.,ILLEGAL_ACTIVITY,2025-03-12T02:08:21.007065
Let's just adjust these numbers slightly before showing them to the regulators.,ETHICAL_BREACH,2025-03-12T02:08:21.006487
Here's access to our internal research database - don't tell anyone I gave it to you.,CONFIDENTIAL_INFO,2025-03-12T02:08:21.008099
I can help you structure these transactions to stay under the reporting threshold.,ILLEGAL_ACTIVITY,2025-03-12T02:08:21.006935
I know a way to manipulate the market for this small cap stock to boost our returns.,ILLEGAL_ACTIVITY,2025-03-12T02:08:21.006875
I've documented all the customer interactions as per our company policy.,COMPLIANT,2025-03-12T02:08:21.008894
I've attached the customer credit card information you requested.,CONFIDENTIAL_INFO,2025-03-12T02:08:21.007756
Let's just adjust these numbers slightly before showing them to the regulators.,ETHICAL_BREACH,2025-03-12T02:08:21.006698
Let's schedule a meeting to review the compliance requirements for this new product.,COMPLIANT,2025-03-12T02:08:21.008752
Let's move these funds through our offshore accounts to avoid detection.,ILLEGAL_ACTIVITY,2025-03-12T02:08:21.006999
The earnings report looks great - tell your clients to buy before it's released tomorrow.,REGULATORY_VIOLATION,2025-03-12T02:08:21.007463
Did you see what he was wearing today? He looks ridiculous and unprofessional.,HARASSMENT,2025-03-12T02:08:21.008412
Let's not assign this project to her. Women aren't good with technical matters.,HARASSMENT,2025-03-12T02:08:21.008523
I can help you structure these transactions to stay under the reporting threshold.,ILLEGAL_ACTIVITY,2025-03-12T02:08:21.006900
"I know the investment isn't suitable for them, but we need to hit our sales targets.",ETHICAL_BREACH,2025-03-12T02:08:21.006547
Did you see what he was wearing today? He looks ridiculous and unprofessional.,HARASSMENT,2025-03-12T02:08:21.008611
I wouldn't trust someone from his cultural background with sensitive client information.,HARASSMENT,2025-03-12T02:08:21.008364
I've documented all the customer interactions as per our company policy.,COMPLIANT,2025-03-12T02:08:21.008825
"The quarterly statement was published this morning, and it shows strong performance as expected.",COMPLIANT,2025-03-12T02:08:21.009172
I've attached the customer credit card information you requested.,CONFIDENTIAL_INFO,2025-03-12T02:08:21.007937
"The quarterly report was published this morning, and it shows strong performance as expected.",COMPLIANT,2025-03-12T02:08:21.009194
We can use these shell companies to hide where the money is really coming from.,ILLEGAL_ACTIVITY,2025-03-12T02:08:21.006915
The earnings report looks great - tell your clients to buy before it's released tomorrow.,REGULATORY_VIOLATION,2025-03-12T02:08:21.007589
I can guarantee you'll make at least 20% returns on this investment strategy.,ETHICAL_BREACH,2025-03-12T02:08:21.006687
The market volatility requires us to rebalance portfolios according to client risk profiles.,COMPLIANT,2025-03-12T02:08:21.009082
I've documented all the customer interactions as per our company policy.,COMPLIANT,2025-03-12T02:08:21.008764
We can use these shell companies to hide where the money is really coming from.,ILLEGAL_ACTIVITY,2025-03-12T02:08:21.006742
We can backdate these trades to capture the better price from yesterday.,ILLEGAL_ACTIVITY,2025-03-12T02:08:21.006813
You're too old to understand how modern trading systems work.,HARASSMENT,2025-03-12T02:08:21.008574
I've documented all the customer interactions as per our company policy.,COMPLIANT,2025-03-12T02:08:21.008920
The regulator doesn't need to know about this communication channel we use.,REGULATORY_VIOLATION,2025-03-12T02:08:21.007290
I've completed the risk assessment for the new client and added it to their file.,COMPLIANT,2025-03-12T02:08:21.009189
"Just skip the know-your-customer process for this client, they're a VIP.",REGULATORY_VIOLATION,2025-03-12T02:08:21.007325
"Don't worry about documenting the client's risk profile, I'll take care of it later.",REGULATORY_VIOLATION,2025-03-12T02:08:21.007660
Let's schedule a meeting to review the compliance requirements for this new product.,COMPLIANT,2025-03-12T02:08:21.009075
The earnings report looks great - tell your clients to buy before it's released tomorrow.,REGULATORY_VIOLATION,2025-03-12T02:08:21.007348
We can backdate these trades to capture the better price from yesterday.,ILLEGAL_ACTIVITY,2025-03-12T02:08:21.007094
Let's move these funds through our offshore accounts to avoid detection.,ILLEGAL_ACTIVITY,2025-03-12T02:08:21.006787
The earnings report looks great - tell your clients to buy before it's released tomorrow.,REGULATORY_VIOLATION,2025-03-12T02:08:21.007613
The regulator doesn't need to know about this communication channel we use.,REGULATORY_VIOLATION,2025-03-12T02:08:21.007309
"Don't worry about documenting the client's risk profile, I'll take care of it later.",REGULATORY_VIOLATION,2025-03-12T02:08:21.007332
"The quarterly report was published this morning, and it shows strong performance as expected.",COMPLIANT,2025-03-12T02:08:21.008990
Let's move these funds through our offshore accounts to avoid detection.,ILLEGAL_ACTIVITY,2025-03-12T02:08:21.006780
I've completed the risk assessment for the new client and added it to their file.,COMPLIANT,2025-03-12T02:08:21.009087
"Just skip the know-your-customer process for this client, they're a VIP.",REGULATORY_VIOLATION,2025-03-12T02:08:21.007220
The market volatility requires us to rebalance portfolios according to client risk profiles.,COMPLIANT,2025-03-12T02:08:21.009124
Did you see what he was wearing today? He looks ridiculous and unprofessional.,HARASSMENT,2025-03-12T02:08:21.008662
I'm attaching the unreleased financial statements for next quarter.,CONFIDENTIAL_INFO,2025-03-12T02:08:21.007696
I'll give you special access if you refer your high-net-worth clients to me.,ETHICAL_BREACH,2025-03-12T02:08:21.006359
Let's schedule a meeting to review the compliance requirements for this new product.,COMPLIANT,2025-03-12T02:08:21.008815
"I know the investment isn't suitable for them, but we need to hit our sales targets.",ETHICAL_BREACH,2025-03-12T02:08:21.006570
"That new analyst is only here because she's attractive, not because of her skills.",HARASSMENT,2025-03-12T02:08:21.008298
Let's just adjust these numbers slightly before showing them to the regulators.,ETHICAL_BREACH,2025-03-12T02:08:21.006521
"The quarterly report was published this morning, and it shows strong performance as expected.",COMPLIANT,2025-03-12T02:08:21.009015
"I heard from the CEO that they're about to announce a merger, we should buy now.",REGULATORY_VIOLATION,2025-03-12T02:08:21.007481
The regulator doesn't need to know about this communication channel we use.,REGULATORY_VIOLATION,2025-03-12T02:08:21.007633
I've completed the risk assessment for the new client and added it to their file.,COMPLIANT,2025-03-12T02:08:21.008898
The earnings report looks great - tell your clients to buy before it's released tomorrow.,REGULATORY_VIOLATION,2025-03-12T02:08:21.007205
We can backdate these trades to capture the better price from yesterday.,ILLEGAL_ACTIVITY,2025-03-12T02:08:21.006830
Here's the complete client list with their account balances and SSNs.,CONFIDENTIAL_INFO,2025-03-12T02:08:21.007802
I can help you structure these transactions to stay under the reporting threshold.,ILLEGAL_ACTIVITY,2025-03-12T02:08:21.007005
The earnings report looks great - tell your clients to buy before it's released tomorrow.,REGULATORY_VIOLATION,2025-03-12T02:08:21.007330
The market volatility requires us to rebalance portfolios according to client risk profiles.,COMPLIANT,2025-03-12T02:08:21.009066
Let's schedule a meeting to review the compliance requirements for this new product.,COMPLIANT,2025-03-12T02:08:21.008706
I've completed the risk assessment for the new client and added it to their file.,ILLEGAL_ACTIVITY,2025-03-12T02:08:21.006746
"Don't worry about documenting the client's risk profile, I'll take care of it later.",REGULATORY_VIOLATION,2025-03-12T02:08:21.007361
Did you see what he was wearing today? He looks ridiculous and unprofessional.,HARASSMENT,2025-03-12T02:08:21.008676
I've completed the risk assessment for the new client and added it to their file.,COMPLIANT,2025-03-12T02:08:21.008735
Let's move these funds through our offshore accounts to avoid detection.,ILLEGAL_ACTIVITY,2025-03-12T02:08:21.007108
Let's move these funds through our offshore accounts to avoid detection.,ILLEGAL_ACTIVITY,2025-03-12T02:08:21.006911
I've completed the risk assessment for the new client and added it to their file.,COMPLIANT,2025-03-12T02:08:21.008975
Let me share our proprietary trading algorithm with you for your feedback.,CONFIDENTIAL_INFO,2025-03-12T02:08:21.008043
I wouldn't trust someone from his cultural background with sensitive client information.,HARASSMENT,2025-03-12T02:08:21.008201
The regulator doesn't need to know about this communication channel we use.,REGULATORY_VIOLATION,2025-03-12T02:08:21.007397
The earnings report looks great - tell your clients to buy before it's released tomorrow.,REGULATORY_VIOLATION,2025-03-12T02:08:21.007426
"The quarterly report was published this morning, and it shows strong performance as expected.",COMPLIANT,2025-03-12T02:08:21.008908
"Don't worry about documenting the client's risk profile, I'll take care of it later.",REGULATORY_VIOLATION,2025-03-12T02:08:21.007608
The market volatility requires us to rebalance portfolios according to client risk profiles.,COMPLIANT,2025-03-12T02:08:21.009091
Let me share our proprietary trading algorithm with you for your feedback.,CONFIDENTIAL_INFO,2025-03-12T02:08:21.008132
The market volatility requires us to rebalance portfolios according to client risk profiles.,COMPLIANT,2025-03-12T02:08:21.008924
"I heard from the CEO that they're about to announce a merger, we should buy now.",REGULATORY_VIOLATION,2025-03-12T02:08:21.007247
The regulator doesn't need to know about this communication channel we use.,REGULATORY_VIOLATION,2025-03-12T02:08:21.007357
I've completed the risk assessment for the new client and added it to their file.,COMPLIANT,2025-03-12T02:08:21.009142
"Don't worry about documenting the client's risk profile, I'll take care of it later.",REGULATORY_VIOLATION,2025-03-12T02:08:21.007152
Let's schedule a meeting to review the compliance requirements for this new product.,COMPLIANT,2025-03-12T02:08:21.009080
I wouldn't trust someone from his cultural background with sensitive client information.,HARASSMENT,2025-03-12T02:08:21.008518
"I know the investment isn't suitable for them, but we need to hit our sales targets.",ETHICAL_BREACH,2025-03-12T02:08:21.006649
Did you see what he was wearing today? He looks ridiculous and unprofessional.,HARASSMENT,2025-03-12T02:08:21.008447
"The quarterly report was published this morning, and it shows strong performance as expected.",COMPLIANT,2025-03-12T02:08:21.009078
I'll give you special access if you refer your high-net-worth clients to me.,ETHICAL_BREACH,2025-03-12T02:08:21.006590
"Don't worry about documenting the client's risk profile, I'll take care of it later.",REGULATORY_VIOLATION,2025-03-12T02:08:21.007343
I've documented all the customer interactions as per our company policy.,COMPLIANT,2025-03-12T02:08:21.008995
I've attached the customer credit card information you requested.,CONFIDENTIAL_INFO,2025-03-12T02:08:21.007927
"The quarterly report was published this morning, and it shows strong performance as expected.",COMPLIANT,2025-03-12T02:08:21.009108
We can backdate these trades to capture the better price from yesterday.,ILLEGAL_ACTIVITY,2025-03-12T02:08:21.006997
The regulator doesn't need to know about this communication channel we use.,REGULATORY_VIOLATION,2025-03-12T02:08:21.007630
I'll give you special access if you refer your high-net-worth clients to me.,ETHICAL_BREACH,2025-03-12T02:08:21.006739
We can backdate these trades to capture the better price from yesterday.,ILLEGAL_ACTIVITY,2025-03-12T02:08:21.006842
"That new analyst is only here because she's attractive, not because of her skills.",HARASSMENT,2025-03-12T02:08:21.008261
"Just skip the know-your-customer process for this client, they're a VIP.",REGULATORY_VIOLATION,2025-03-12T02:08:21.007457
Let's just adjust these numbers slightly before showing them to the regulators.,ETHICAL_BREACH,2025-03-12T02:08:21.006610
"The quarterly report was published this morning, and it shows strong performance as expected.",ETHICAL_BREACH,2025-03-12T02:08:21.006555
"Just skip the know-your-customer process for this client, they're a VIP.",REGULATORY_VIOLATION,2025-03-12T02:08:21.007542
"Don't worry about documenting the client's risk profile, I'll take care of it later.",REGULATORY_VIOLATION,2025-03-12T02:08:21.007327
Here's access to our internal research database - don't tell anyone I gave it to you.,CONFIDENTIAL_INFO,2025-03-12T02:08:21.008038
"I heard from the CEO that they're about to announce a merger, we should buy now.",REGULATORY_VIOLATION,2025-03-12T02:08:21.007506
The market volatility requires us to rebalance portfolios according to client risk profiles.,COMPLIANT,2025-03-12T02:08:21.008941
I can help you structure these transactions to stay under the reporting threshold.,ILLEGAL_ACTIVITY,2025-03-12T02:08:21.006973
Let's just adjust these numbers slightly before showing them to the regulators.,ETHICAL_BREACH,2025-03-12T02:08:21.006602
Let's just adjust these numbers slightly before showing them to the regulators.,ETHICAL_BREACH,2025-03-12T02:08:21.006457
"Just skip the know-your-customer process for this client, they're a VIP.",REGULATORY_VIOLATION,2025-03-12T02:08:21.007402
The earnings filing looks great - tell your clients to buy before it's released tomorrow.,REGULATORY_VIOLATION,2025-03-12T02:08:21.007312
I've documented all the customer interactions as per our company policy.,COMPLIANT,2025-03-12T02:08:21.009168
We can use these shell companies to hide where the money is really coming from.,ILLEGAL_ACTIVITY,2025-03-12T02:08:21.006811
I wouldn't trust someone from his cultural background with sensitive account holder information.,HARASSMENT,2025-03-12T02:08:21.008658
Let's not assign this project to her. Women aren't good with technical matters.,HARASSMENT,2025-03-12T02:08:21.008417
Let's schedule a meeting to review the compliance requirements for this new product.,COMPLIANT,2025-03-12T02:08:21.009137
"I know the investment isn't suitable for them, but we need to hit our sales targets.",ETHICAL_BREACH,2025-03-12T02:08:21.006717
"I heard from the CEO that they're about to announce a merger, we should buy now.",REGULATORY_VIOLATION,2025-03-12T02:08:21.007259
I'm attaching the unreleased financial statements for next quarter.,CONFIDENTIAL_INFO,2025-03-12T02:08:21.007873
"I heard from the CEO that they're about to announce a merger, we should buy now.",REGULATORY_VIOLATION,2025-03-12T02:08:21.007488
The earnings report looks great - tell your clients to buy before it's released tomorrow.,REGULATORY_VIOLATION,2025-03-12T02:08:21.007435
The market volatility requires us to rebalance portfolios according to client risk profiles.,COMPLIANT,2025-03-12T02:08:21.008971
"Just skip the know-your-customer process for this client, they're a VIP.",REGULATORY_VIOLATION,2025-03-12T02:08:21.007637
I can guarantee you'll make at least 20% returns on this investment strategy.,ETHICAL_BREACH,2025-03-12T02:08:21.006537
I'm attaching the unreleased financial statements for next quarter.,CONFIDENTIAL_INFO,2025-03-12T02:08:21.007975
I know a way to manipulate the market for this small cap stock to boost our returns.,ILLEGAL_ACTIVITY,2025-03-12T02:08:21.006767
"Just skip the know-your-customer process for this client, they're a VIP.",REGULATORY_VIOLATION,2025-03-12T02:08:21.007468
I know a way to manipulate the market for this small cap stock to boost our returns.,ILLEGAL_ACTIVITY,2025-03-12T02:08:21.006905
Let's not assign this project to her. Women aren't good with technical matters.,HARASSMENT,2025-03-12T02:08:21.008639
"I heard from the CEO that they're about to announce a merger, we should buy now.",REGULATORY_VIOLATION,2025-03-12T02:08:21.007183
The market volatility requires us to rebalance portfolios according to client risk profiles.,COMPLIANT,2025-03-12T02:08:21.009187
"I know the investment isn't suitable for them, but we need to hit our sales targets.",ETHICAL_BREACH,2025-03-12T02:08:21.006672
"Don't worry about documenting the client's risk profile, I'll take care of it later.",REGULATORY_VIOLATION,2025-03-12T02:08:21.007373
Let's not assign this project to her. Women aren't good with technical matters.,HARASSMENT,2025-03-12T02:08:21.008372
Let's just adjust these numbers slightly before showing them to the regulators.,ETHICAL_BREACH,2025-03-12T02:08:21.006707
I wouldn't trust someone from his cultural background with sensitive client information.,HARASSMENT,2025-03-12T02:08:21.008204
I've documented all the customer interactions as per our company policy.,COMPLIANT,2025-03-12T02:08:21.008716
We can backdate these trades to capture the better price from yesterday.,ILLEGAL_ACTIVITY,2025-03-12T02:08:21.006757
I know a way to manipulate the market for this small cap stock to boost our returns.,ILLEGAL_ACTIVITY,2025-03-12T02:08:21.007063
Let's not assign this project to her. Women aren't good with technical matters.,HARASSMENT,2025-03-12T02:08:21.008463
"Just skip the know-your-customer process for this client, they're a VIP.",REGULATORY_VIOLATION,2025-03-12T02:08:21.007266
The earnings report looks great - tell your clients to buy before it's released tomorrow.,REGULATORY_VIOLATION,2025-03-12T02:08:21.007606
Let's schedule a meeting to review the compliance requirements for this new product.,COMPLIANT,2025-03-12T02:08:21.008876
I'm attaching the unreleased financial statements for next quarter.,CONFIDENTIAL_INFO,2025-03-12T02:08:21.007775
"Don't tell the clients about the hidden fees, they'll never notice.",ETHICAL_BREACH,2025-03-12T02:08:21.006616
The regulator doesn't need to know about this communication channel we use.,REGULATORY_VIOLATION,2025-03-12T02:08:21.007644
Did you see what he was wearing today? He looks ridiculous and unprofessional.,HARASSMENT,2025-03-12T02:08:21.008227
We can backdate these trades to capture the better price from yesterday.,ILLEGAL_ACTIVITY,2025-03-12T02:08:21.006957
Did you see what he was wearing today? He looks ridiculous and unprofessional.,HARASSMENT,2025-03-12T02:08:21.008289
The regulator doesn't need to know about this communication channel we use.,REGULATORY_VIOLATION,2025-03-12T02:08:21.007642
We can use these shell companies to hide where the money is really coming from.,ILLEGAL_ACTIVITY,2025-03-12T02:08:21.006898
"Don't tell the clients about the hidden fees, they'll never notice.",ETHICAL_BREACH,2025-03-12T02:08:21.006631
The market volatility requires us to rebalance portfolios according to client risk profiles.,COMPLIANT,2025-03-12T02:08:21.009084
"Just skip the know-your-customer process for this client, they're a VIP.",REGULATORY_VIOLATION,2025-03-12T02:08:21.007301
The regulator doesn't need to know about this communication channel we use.,REGULATORY_VIOLATION,2025-03-12T02:08:21.007568
We can backdate these trades to capture the better price from yesterday.,ILLEGAL_ACTIVITY,2025-03-12T02:08:21.007110
I'm attaching the unreleased financial statements for next quarter.,CONFIDENTIAL_INFO,2025-03-12T02:08:21.007783
"Don't tell the clients about the hidden fees, they'll never notice.",ETHICAL_BREACH,2025-03-12T02:08:21.006334
"The quarterly report was published this morning, and it shows strong performance as expected.",COMPLIANT,2025-03-12T02:08:21.008827
You're too old to understand how modern trading systems work.,HARASSMENT,2025-03-12T02:08:21.008163
I've documented all the customer interactions as per our company policy.,COMPLIANT,2025-03-12T02:08:21.009159
The earnings report looks great - tell your clients to buy before it's released tomorrow.,REGULATORY_VIOLATION,2025-03-12T02:08:21.007222
"The quarterly report was published this morning, and it shows strong performance as expected.",COMPLIANT,2025-03-12T02:08:21.008858
We can use these shell companies to hide where the money is really coming from.,ILLEGAL_ACTIVITY,2025-03-12T02:08:21.007075
I can guarantee you'll make at least 20% returns on this investment strategy.,ETHICAL_BREACH,2025-03-12T02:08:21.006637
"Don't tell the clients about the hidden fees, they'll never notice.",ETHICAL_BREACH,2025-03-12T02:08:21.006353
I've documented all the customer interactions as per our company policy.,COMPLIANT,2025-03-12T02:08:21.008711
Let's schedule a meeting to review the compliance requirements for this new product.,COMPLIANT,2025-03-12T02:08:21.008776
I've completed the risk assessment for the new client and added it to their file.,COMPLIANT,2025-03-12T02:08:21.009165
"Don't worry about documenting the client's risk profile, I'll take care of it later.",REGULATORY_VIOLATION,2025-03-12T02:08:21.007283
The regulator doesn't need to know about this communication channel we use.,REGULATORY_VIOLATION,2025-03-12T02:08:21.007510
Let's move these funds through our offshore accounts to avoid detection.,ILLEGAL_ACTIVITY,2025-03-12T02:08:21.007027
"The quarterly report was published this morning, and it shows strong performance as expected.",ETHICAL_BREACH,2025-03-12T02:08:21.006691
I've documented all the customer interactions as per our company policy.,ETHICAL_BREACH,2025-03-12T02:08:21.006629
I'm attaching the unreleased financial statements for next quarter.,CONFIDENTIAL_INFO,2025-03-12T02:08:21.008002
I can help you structure these transactions to stay under the reporting threshold.,ILLEGAL_ACTIVITY,2025-03-12T02:08:21.007041
I'll give you special access if you refer your high-net-worth clients to me.,ETHICAL_BREACH,2025-03-12T02:08:21.006345
"I heard from the CEO that they're about to announce a merger, we should buy now.",REGULATORY_VIOLATION,2025-03-12T02:08:21.007503
"Just skip the know-your-customer process for this client, they're a VIP.",REGULATORY_VIOLATION,2025-03-12T02:08:21.007250
"I heard from the CEO that they're about to announce a merger, we should buy now.",REGULATORY_VIOLATION,2025-03-12T02:08:21.007224
I can help you structure these transactions to stay under the reporting threshold.,ILLEGAL_ACTIVITY,2025-03-12T02:08:21.006878
Let me share our proprietary trading algorithm with you for your feedback.,CONFIDENTIAL_INFO,2025-03-12T02:08:21.008076
Let's schedule a meeting to review the compliance requirements for this new product.,COMPLIANT,2025-03-12T02:08:21.009073
Let's schedule a meeting to review the compliance requirements for this new product.,COMPLIANT,2025-03-12T02:08:21.008916
"That new analyst is only here because she's attractive, not because of her skills.",HARASSMENT,2025-03-12T02:08:21.008552
"The quarterly report was published this morning, and it shows strong performance as expected.",COMPLIANT,2025-03-12T02:08:21.008943
Here's access to our internal research database - don't tell anyone I gave it to you.,CONFIDENTIAL_INFO,2025-03-12T02:08:21.007970
I wouldn't trust someone from his cultural background with sensitive client information.,HARASSMENT,2025-03-12T02:08:21.008190
I've documented all the customer interactions as per our company policy.,COMPLIANT,2025-03-12T02:08:21.008845
Let's schedule a meeting to review the compliance requirements for this new product.,COMPLIANT,2025-03-12T02:08:21.008884
We can use these shell companies to hide where the money is really coming from.,ILLEGAL_ACTIVITY,2025-03-12T02:08:21.006950
The market volatility requires us to rebalance portfolios according to client risk profiles.,COMPLIANT,2025-03-12T02:08:21.009069
The regulator doesn't need to know about this communication channel we use.,REGULATORY_VIOLATION,2025-03-12T02:08:21.007255
I know a way to manipulate the market for this small cap stock to boost our returns.,ILLEGAL_ACTIVITY,2025-03-12T02:08:21.007061
You're too old to understand how modern trading systems work.,HARASSMENT,2025-03-12T02:08:21.008322
The regulator doesn't need to know about this communication channel we use.,REGULATORY_VIOLATION,2025-03-12T02:08:21.007214
I've documented all the customer interactions as per our company policy.,REGULATORY_VIOLATION,2025-03-12T02:08:21.007227
The earnings report looks great - tell your clients to buy before it's released tomorrow.,REGULATORY_VIOLATION,2025-03-12T02:08:21.007424
Let's just adjust these numbers slightly before showing them to the regulators.,ETHICAL_BREACH,2025-03-12T02:08:21.006572
Here's the complete client list with their account balances and SSNs.,CONFIDENTIAL_INFO,2025-03-12T02:08:21.008000
I can guarantee you'll make at least 20% returns on this investment strategy.,ETHICAL_BREACH,2025-03-12T02:08:21.006679
Let's not assign this project to her. Women aren't good with technical matters.,HARASSMENT,2025-03-12T02:08:21.008246
I've completed the risk assessment for the new client and added it to their file.,COMPLIANT,2025-03-12T02:08:21.009152
The market volatility requires us to rebalance portfolios according to client risk profiles.,COMPLIANT,2025-03-12T02:08:21.008835
I know a way to manipulate the market for this small cap stock to boost our returns.,ILLEGAL_ACTIVITY,2025-03-12T02:08:21.006920
I wouldn't trust someone from his cultural background with sensitive client information.,HARASSMENT,2025-03-12T02:08:21.008579
Let's not assign this project to her. Women aren't good with technical matters.,HARASSMENT,2025-03-12T02:08:21.008614
I wouldn't trust someone from his cultural background with sensitive client information.,HARASSMENT,2025-03-12T02:08:21.008213
The market volatility requires us to rebalance portfolios according to client risk profiles.,COMPLIANT,2025-03-12T02:08:21.009207
You're too old to understand how modern trading systems work.,HARASSMENT,2025-03-12T02:08:21.008689
Let's schedule a meeting to review the compliance requirements for this new product.,COMPLIANT,2025-03-12T02:08:21.009196
"I heard from the CEO that they're about to announce a merger, we should buy now.",REGULATORY_VIOLATION,2025-03-12T02:08:21.007186
I'm attaching the unreleased financial statements for next quarter.,CONFIDENTIAL_INFO,2025-03-12T02:08:21.007911
"Don't worry about documenting the client's risk profile, I'll take care of it later.",REGULATORY_VIOLATION,2025-03-12T02:08:21.007281
I've documented all the customer interactions as per our company policy.,COMPLIANT,2025-03-12T02:08:21.008947
"Just skip the know-your-customer process for this client, they're a VIP.",REGULATORY_VIOLATION,2025-03-12T02:08:21.007340
Let's schedule a meeting to review the compliance requirements for this new product.,COMPLIANT,2025-03-12T02:08:21.009135
I'm attaching the unreleased financial statements for next quarter.,CONFIDENTIAL_INFO,2025-03-12T02:08:21.007792
"Don't tell the clients about the hidden fees, they'll never notice.",ETHICAL_BREACH,2025-03-12T02:08:21.006620
Let me share our proprietary trading algorithm with you for your feedback.,CONFIDENTIAL_INFO,2025-03-12T02:08:21.007713
Let's schedule a meeting to review the compliance requirements for this new product.,COMPLIANT,2025-03-12T02:08:21.008983
I'll give you special access if you refer your high-net-worth clients to me.,ETHICAL_BREACH,2025-03-12T02:08:21.006399
I've completed the risk assessment for the new client and added it to their file.,COMPLIANT,2025-03-12T02:08:21.009116
We can backdate these trades to capture the better price from yesterday.,ILLEGAL_ACTIVITY,2025-03-12T02:08:21.007101
I can help you structure these transactions to stay under the reporting threshold.,ILLEGAL_ACTIVITY,2025-03-12T02:08:21.006840
Let's just adjust these numbers slightly before showing them to the regulators.,ETHICAL_BREACH,2025-03-12T02:08:21.006599
We can backdate these trades to capture the better price from yesterday.,ILLEGAL_ACTIVITY,2025-03-12T02:08:21.007080
Let me share our proprietary trading algorithm with you for your feedback.,CONFIDENTIAL_INFO,2025-03-12T02:08:21.008091
Here's access to our internal research database - don't tell anyone I gave it to you.,CONFIDENTIAL_INFO,2025-03-12T02:08:21.007770
I can guarantee you'll make at least 20% returns on this investment strategy.,ETHICAL_BREACH,2025-03-12T02:08:21.006388
You're too old to understand how modern trading systems work.,HARASSMENT,2025-03-12T02:08:21.008586
I can help you structure these transactions to stay under the reporting threshold.,ILLEGAL_ACTIVITY,2025-03-12T02:08:21.006748
Here's access to our internal research database - don't tell anyone I gave it to you.,CONFIDENTIAL_INFO,2025-03-12T02:08:21.007844
I've documented all the customer interactions as per our company policy.,COMPLIANT,2025-03-12T02:08:21.008868
I wouldn't trust someone from his cultural background with sensitive client information.,HARASSMENT,2025-03-12T02:08:21.008276
I've completed the risk assessment for the new client and added it to their file.,COMPLIANT,2025-03-12T02:08:21.008988
Let's schedule a meeting to review the compliance requirements for this new product.,COMPLIANT,2025-03-12T02:08:21.008692
Here's access to our internal research database - don't tell anyone I gave it to you.,CONFIDENTIAL_INFO,2025-03-12T02:08:21.007944
I wouldn't trust someone from his cultural background with sensitive client information.,HARASSMENT,2025-03-12T02:08:21.008168
We can use these shell companies to hide where the money is really coming from.,ILLEGAL_ACTIVITY,2025-03-12T02:08:21.006995
Let's not assign this project to her. Women aren't good with technical matters.,HARASSMENT,2025-03-12T02:08:21.008655
The market volatility requires us to rebalance portfolios according to client risk profiles.,COMPLIANT,2025-03-12T02:08:21.009106
"I heard from the CEO that they're about to announce a merger, we should buy now.",REGULATORY_VIOLATION,2025-03-12T02:08:21.007530
Let's not assign this project to her. Women aren't good with technical matters.,HARASSMENT,2025-03-12T02:08:21.008576
Let's schedule a meeting to review the compliance requirements for this new product.,REGULATORY_VIOLATION,2025-03-12T02:08:21.007320
I've documented all the customer interactions as per our company policy.,COMPLIANT,2025-03-12T02:08:21.009220
You're too old to understand how modern trading systems work.,HARASSMENT,2025-03-12T02:08:21.008177
The market volatility requires us to rebalance portfolios according to client risk profiles.,COMPLIANT,2025-03-12T02:08:21.008896
"Don't worry about documenting the client's risk profile, I'll take care of it later.",REGULATORY_VIOLATION,2025-03-12T02:08:21.007295
I wouldn't trust someone from his cultural background with sensitive client information.,HARASSMENT,2025-03-12T02:08:21.008641
The market volatility requires us to rebalance portfolios according to client risk profiles.,COMPLIANT,2025-03-12T02:08:21.008762
I'll give you special access if you refer your high-net-worth clients to me.,ETHICAL_BREACH,2025-03-12T02:08:21.006425
The earnings report looks great - tell your clients to buy before it's released tomorrow.,REGULATORY_VIOLATION,2025-03-12T02:08:21.007195
Let's not assign this project to her. Women aren't good with technical matters.,HARASSMENT,2025-03-12T02:08:21.008590
"Just skip the know-your-customer process for this client, they're a VIP.",REGULATORY_VIOLATION,2025-03-12T02:08:21.007262
"That new analyst is only here because she's attractive, not because of her skills.",HARASSMENT,2025-03-12T02:08:21.008159
I've documented all the customer interactions as per our company policy.,COMPLIANT,2025-03-12T02:08:21.009230
Let's just adjust these numbers slightly before showing them to the regulators.,ETHICAL_BREACH,2025-03-12T02:08:21.006532
Here's access to our internal research database - don't tell anyone I gave it to you.,CONFIDENTIAL_INFO,2025-03-12T02:08:21.007972
The earnings report looks great - tell your clients to buy before it's released tomorrow.,REGULATORY_VIOLATION,2025-03-12T02:08:21.007244
Let me share our proprietary trading algorithm with you for your feedback.,CONFIDENTIAL_INFO,2025-03-12T02:08:21.007810
"That new analyst is only here because she's attractive, not because of her skills.",HARASSMENT,2025-03-12T02:08:21.008493
I've documented all the customer interactions as per our company policy.,COMPLIANT,2025-03-12T02:08:21.008730
Here's access to our internal research database - don't tell anyone I gave it to you.,CONFIDENTIAL_INFO,2025-03-12T02:08:21.007989
"Just skip the know-your-customer process for this client, they're a VIP.",REGULATORY_VIOLATION,2025-03-12T02:08:21.007628
Here's access to our internal research database - don't tell anyone I gave it to you.,CONFIDENTIAL_INFO,2025-03-12T02:08:21.007958
I know a way to manipulate the market for this small cap stock to boost our returns.,ILLEGAL_ACTIVITY,2025-03-12T02:08:21.006826
I wouldn't trust someone from his cultural background with sensitive client information.,HARASSMENT,2025-03-12T02:08:21.008264
I've completed the risk assessment for the new client and added it to their file.,COMPLIANT,2025-03-12T02:08:21.008934
Let me share our proprietary trading algorithm with you for your feedback.,CONFIDENTIAL_INFO,2025-03-12T02:08:21.007720
I've completed the risk assessment for the new client and added it to their file.,COMPLIANT,2025-03-12T02:08:21.008993
Let's move these funds through our offshore accounts to avoid detection.,ILLEGAL_ACTIVITY,2025-03-12T02:08:21.006940
Let me share our proprietary trading algorithm with you for your feedback.,CONFIDENTIAL_INFO,2025-03-12T02:08:21.008106
Here's access to our internal research database - don't tell anyone I gave it to you.,CONFIDENTIAL_INFO,2025-03-12T02:08:21.007819
I know a way to manipulate the market for this small cap stock to boost our returns.,ILLEGAL_ACTIVITY,2025-03-12T02:08:21.007004
The market volatility requires us to rebalance portfolios according to client risk profiles.,COMPLIANT,2025-03-12T02:08:21.009233
I'm attaching the unreleased financial statements for next quarter.,CONFIDENTIAL_INFO,2025-03-12T02:08:21.007978
Did you see what he was wearing today? He looks ridiculous and unprofessional.,HARASSMENT,2025-03-12T02:08:21.008407
Let's not assign this project to her. Women aren't good with technical matters.,HARASSMENT,2025-03-12T02:08:21.008284
I can guarantee you'll make at least 20% returns on this investment strategy.,ETHICAL_BREACH,2025-03-12T02:08:21.006499
"I heard from the CEO that they're about to announce a merger, we should buy now.",REGULATORY_VIOLATION,2025-03-12T02:08:21.007274
"I know the investment isn't suitable for them, but we need to hit our sales targets.",ETHICAL_BREACH,2025-03-12T02:08:21.006594
The earnings document looks great - tell your clients to buy before it's released tomorrow.,REGULATORY_VIOLATION,2025-03-12T02:08:21.007448
I know a way to manipulate the exchange for this small cap stock to boost our returns.,ILLEGAL_ACTIVITY,2025-03-12T02:08:21.006793
I'm attaching the unreleased financial statements for next quarter.,CONFIDENTIAL_INFO,2025-03-12T02:08:21.007870
I'm attaching the unreleased financial statements for next quarter.,CONFIDENTIAL_INFO,2025-03-12T02:08:21.007950
I've completed the risk assessment for the new client and added it to their file.,ETHICAL_BREACH,2025-03-12T02:08:21.006694
I've completed the risk assessment for the new client and added it to their file.,COMPLIANT,2025-03-12T02:08:21.008905
We can use these shell companies to hide where the money is really coming from.,ILLEGAL_ACTIVITY,2025-03-12T02:08:21.006954
"Just skip the know-your-customer process for this client, they're a VIP.",REGULATORY_VIOLATION,2025-03-12T02:08:21.007413
Did you see what he was wearing today? He looks ridiculous and unprofessional.,HARASSMENT,2025-03-12T02:08:21.008616
We can backdate these trades to capture the better price from yesterday.,ILLEGAL_ACTIVITY,2025-03-12T02:08:21.006887
"Just skip the know-your-customer process for this client, they're a VIP.",REGULATORY_VIOLATION,2025-03-12T02:08:21.007565
"Don't worry about documenting the client's risk profile, I'll take care of it later.",REGULATORY_VIOLATION,2025-03-12T02:08:21.007598
Here's the complete client list with their account balances and SSNs.,CONFIDENTIAL_INFO,2025-03-12T02:08:21.007728
I can guarantee you'll make at least 20% returns on this investment strategy.,ETHICAL_BREACH,2025-03-12T02:08:21.006661
I've documented all the customer interactions as per our company policy.,COMPLIANT,2025-03-12T02:08:21.008879
We can backdate these trades to capture the better price from yesterday.,ILLEGAL_ACTIVITY,2025-03-12T02:08:21.007035
I've completed the risk assessment for the new client and added it to their file.,COMPLIANT,2025-03-12T02:08:21.008861
"I heard from the CEO that they're about to announce a merger, we should buy now.",REGULATORY_VIOLATION,2025-03-12T02:08:21.007465
Let me share our proprietary trading algorithm with you for your feedback.,CONFIDENTIAL_INFO,2025-03-12T02:08:21.007891
"Just skip the know-your-customer process for this client, they're a VIP.",REGULATORY_VIOLATION,2025-03-12T02:08:21.007173
The market volatility requires us to rebalance portfolios according to client risk profiles.,COMPLIANT,2025-03-12T02:08:21.008720
"Just skip the know-your-customer process for this client, they're a VIP.",REGULATORY_VIOLATION,2025-03-12T02:08:21.007619
Here's the complete client list with their account balances and SSNs.,CONFIDENTIAL_INFO,2025-03-12T02:08:21.007996
The regulator doesn't need to know about this communication channel we use.,REGULATORY_VIOLATION,2025-03-12T02:08:21.007508
"Just skip the know-your-customer process for this client, they're a VIP.",REGULATORY_VIOLATION,2025-03-12T02:08:21.007662
"Don't worry about documenting the client's risk profile, I'll take care of it later.",REGULATORY_VIOLATION,2025-03-12T02:08:21.007293
Let's just adjust these numbers slightly before showing them to the regulators.,ETHICAL_BREACH,2025-03-12T02:08:21.006393
Let's not assign this project to her. Women aren't good with technical matters.,HARASSMENT,2025-03-12T02:08:21.008467
"Don't worry about documenting the client's risk profile, I'll take care of it later.",REGULATORY_VIOLATION,2025-03-12T02:08:21.007550
I've completed the risk assessment for the new client and added it to their file.,COMPLIANT,2025-03-12T02:08:21.008790
